"Sample","Spore_rep","R","G","B","Y","PDI","Temp","Taxon"
"Lyco200",1,193,198,162,224.910768957871,11.7996984478936,200,"Lycopodium"
"Lyco200",2,194,203,160,228.3447563932,10.4530367085489,200,"Lycopodium"
"Lyco200",3,193,196,142,220.937508351811,13.357839862035,200,"Lycopodium"
"Lyco200",4,190,201,160,225.526515742794,11.558229120473,200,"Lycopodium"
"Lyco200",5,192,199,146,223.089926977088,12.5137541266322,200,"Lycopodium"
"Lyco200",6,189,193,160,219.832455580192,13.7911938901207,200,"Lycopodium"
"Lyco200",7,194,188,134,214.930210938655,15.713642769155,200,"Lycopodium"
"Lyco200",8,194,193,165,222.352771544715,12.8028346883469,200,"Lycopodium"
"Lyco200",9,180,186,142,209.449792904656,17.8628263118995,200,"Lycopodium"
"Lyco200",10,194,190,157,219.299880635625,14.000046809559,200,"Lycopodium"
"Lyco200",11,186,205,148,225.114238728751,11.719906380882,200,"Lycopodium"
"Lyco200",12,196,203,152,228.031519142646,10.5758748460212,200,"Lycopodium"
"Lyco200",13,185,206,147,225.275442202513,11.6566893323479,200,"Lycopodium"
"Lyco200",14,194,195,152,221.965532150776,12.9546932742055,200,"Lycopodium"
"Lyco200",15,189,198,158,222.894516186253,12.5903858093126,200,"Lycopodium"
"Lyco200",16,181,201,144,220.064992461197,13.7000029563932,200,"Lycopodium"
"Lyco200",17,182,196,171,220.678267775314,13.4595028332102,200,"Lycopodium"
"Lyco200",18,197,192,152,221.085512638581,13.2997989652624,200,"Lycopodium"
"Lyco200",19,186,189,171,217.509108425721,14.702310421286,200,"Lycopodium"
"Lyco200",20,194,203,162,228.609029120473,10.3494003449125,200,"Lycopodium"
"Lyco200",21,200,208,155,233.241968883962,8.53256122197584,200,"Lycopodium"
"Lyco200",22,195,204,174,231.231858980044,9.32083961566889,200,"Lycopodium"
"Lyco200",23,180,212,156,228.596635328899,10.3542606553338,200,"Lycopodium"
"Lyco200",24,196,201,165,228.418758536585,10.4240162601626,200,"Lycopodium"
"Lyco200",25,182,197,131,216.058079896526,15.2713412170485,200,"Lycopodium"
"Lyco200",26,192,200,156,225.076557280118,11.7346834195615,200,"Lycopodium"
"Lyco200",27,197,187,167,219.741224759793,13.8269706824341,200,"Lycopodium"
"Lyco200",28,191,195,178,224.285297117517,12.0449815225425,200,"Lycopodium"
"Lyco200",29,188,199,153,222.527174205469,12.7344414880512,200,"Lycopodium"
"Lyco200",30,182,204,147,222.829128381375,12.6160280857354,200,"Lycopodium"
"Lyco200",31,196,199,155,225.766861566888,11.4639758561222,200,"Lycopodium"
"Lyco200",32,184,194,152,217.580997191426,14.6741187484602,200,"Lycopodium"
"Lyco200",33,170,185,148,205.858076127125,19.2713426952452,200,"Lycopodium"
"Lyco200",34,192,192,163,220.67937849224,13.4590672579453,200,"Lycopodium"
"Lyco200",35,195,197,174,226.574992313378,11.1470618378911,200,"Lycopodium"
"Lyco200",36,183,186,133,209.376346119734,17.8916289726534,200,"Lycopodium"
"Lyco200",37,185,195,134,216.239736141907,15.200103473762,200,"Lycopodium"
"Lyco200",38,194,197,161,224.485292756837,11.9665518600641,200,"Lycopodium"
"Lyco200",39,182,185,148,210.321198078344,17.5210987928061,200,"Lycopodium"
"Lyco200",40,175,189,149,210.510913303769,17.4467006651885,200,"Lycopodium"
"Lyco200",41,183,189,166,215.732646119734,15.3989623059867,200,"Lycopodium"
"Lyco200",42,198,202,168,230.224287952698,9.715965508746,200,"Lycopodium"
"Lyco200",43,192,203,179,230.111493643755,9.76019857107661,200,"Lycopodium"
"Lyco200",44,189,204,178,229.52884345898,9.98868883961568,200,"Lycopodium"
"Lyco200",45,186,186,151,212.870581152993,16.5213407243163,200,"Lycopodium"
"Lyco200",46,186,189,154,215.262790243902,15.5832195121951,200,"Lycopodium"
"Lyco600",1,82,48,8,63.4821663599558,75.1050328000173,600,"Lycopodium"
"Lyco600",2,113,51,5,76.4267473316157,70.0287265366213,600,"Lycopodium"
"Lyco600",3,99,47,8,69.0066050791314,72.9385862434779,600,"Lycopodium"
"Lyco600",4,49,40,44,50.7819297018771,80.0855177639698,600,"Lycopodium"
"Lyco600",6,103,42,33,70.3827101582628,72.3989371928381,600,"Lycopodium"
"Lyco600",7,80,43,29,62.1408743099006,75.6310296823919,600,"Lycopodium"
"Lyco600",8,70,38,49,57.7489769966875,77.3533423542402,600,"Lycopodium"
"Lyco600",9,87,45,36,66.9741045270519,73.7356452835091,600,"Lycopodium"
"Lyco600",10,47,31,49,44.6172250644093,82.5030489943493,600,"Lycopodium"
"Lyco600",11,54,32,26,44.8090566801619,82.4278209097404,600,"Lycopodium"
"Lyco600",12,73,43,44,61.5692594773647,75.8551923618178,600,"Lycopodium"
"Lyco600",13,56,33,19,45.2910270518955,82.2388129208253,600,"Lycopodium"
"Lyco600",14,56,29,32,44.2995690099374,82.627619996103,600,"Lycopodium"
"Lyco600",15,62,27,29,44.7373962090541,82.4559230552729,600,"Lycopodium"
"Lyco600",16,123,74,5,95.6529103790946,62.4890547532962,600,"Lycopodium"
"Lyco600",17,100,63,19,81.6618367684947,67.9757502868648,600,"Lycopodium"
"Lyco600",18,65,34,51,53.4799758925285,79.0274604343025,600,"Lycopodium"
"Lyco600",19,47,31,38,43.1637250644093,83.0730489943493,600,"Lycopodium"
"Lyco600",20,48,29,40,42.4381910195068,83.357572149213,600,"Lycopodium"
"Lyco600",21,74,39,24,56.5821100478469,77.8109372361385,600,"Lycopodium"
"Lyco600",22,87,35,31,59.5403457857931,76.650844789885,600,"Lycopodium"
"Lyco600",23,70,36,25,53.2230888847994,79.1282004373336,600,"Lycopodium"
"Lyco600",24,59,32,22,46.1045542878174,81.9197826322285,600,"Lycopodium"
"Lyco600",25,90,48,5,66.0042261685683,74.1159897378164,600,"Lycopodium"
"Lyco600",26,66,33,23,49.4676586308428,80.6009181839832,600,"Lycopodium"
"Lyco600",27,73,39,33,57.406528708134,77.4876358007318,600,"Lycopodium"
"Lyco600",28,52,32,37,45.5329394552816,82.1439453116543,600,"Lycopodium"
"Lyco600",29,75,32,26,52.470037541406,79.4235146896447,600,"Lycopodium"
"Lyco600",30,71,37,15,52.9438415531837,79.2377091948299,600,"Lycopodium"
"Lyco600",31,78,43,16,59.6934843577475,76.5907904479422,600,"Lycopodium"
"Lyco600",32,55,32,28,45.4381380198749,82.1811223451471,600,"Lycopodium"
"Lyco600",33,61,33,30,48.5685701140964,80.9535019160406,600,"Lycopodium"
"Lyco600",34,51,33,13,42.6741658078763,83.2650330165191,600,"Lycopodium"
"Lyco600",35,34,26,20,32.6562200956938,87.1936391781593,600,"Lycopodium"
"Lyco600",36,67,35,24,51.3192189915348,79.8748160817511,600,"Lycopodium"
"Lyco600",37,55,35,15,45.7522883695252,82.057926129598,600,"Lycopodium"
"Lyco600",38,46,35,33,44.847465403018,82.4127586654831,600,"Lycopodium"
"Lyco600",39,54,41,8,48.5263713654766,80.9700504449111,600,"Lycopodium"
"Lyco600",40,62,26,8,41.2852248803828,83.8097157331832,600,"Lycopodium"
"Lyco600",41,65,34,40,52.0264758925285,79.5974604343025,600,"Lycopodium"
"Lyco600",42,82,41,26,61.1194670592565,76.0315815453896,600,"Lycopodium"
"Lyco600",43,55,28,42,44.5788163415532,82.5181112386066,600,"Lycopodium"
"Lyco600",44,59,35,26,48.665022819286,80.9156773257702,600,"Lycopodium"
"Lyco600",45,85,43,35,64.7577355539198,74.6048095866981,600,"Lycopodium"
"Lyco800",1,36,39,27,42.3294309447062,83.4002231589388,800,"Lycopodium"
"Lyco800",2,32,35,53,41.5484130919911,83.7065046698074,800,"Lycopodium"
"Lyco800",3,39,36,35,42.375903793702,83.3819985122737,800,"Lycopodium"
"Lyco800",4,42,34,44,43.2241333994545,83.0493594511943,800,"Lycopodium"
"Lyco800",5,25,44,26,41.7259899578478,83.636866683197,800,"Lycopodium"
"Lyco800",6,34,36,42,41.5196652615919,83.7177783287875,800,"Lycopodium"
"Lyco800",7,48,36,56,48.2011331515001,81.097594842549,800,"Lycopodium"
"Lyco800",8,39,35,30,41.0641470369452,83.8964129266882,800,"Lycopodium"
"Lyco800",9,38,36,38,42.4086560872799,83.3691544755765,800,"Lycopodium"
"Lyco800",10,40,32,57,42.8336244730969,83.2025002066287,800,"Lycopodium"
"Lyco800",11,38,28,53,38.9271020332259,84.7344697908918,800,"Lycopodium"
"Lyco800",15,87,53,45,71.9011585668237,71.8034672286966,800,"Lycopodium"
"Lyco800",16,81,54,41,69.9669290850483,72.5619885940987,800,"Lycopodium"
"Lyco800",17,29,39,33,40.646196999752,84.060314902058,800,"Lycopodium"
"Lyco800",18,40,33,44,41.8503812298537,83.5880857922142,800,"Lycopodium"
"Lyco800",19,31,31,31,35.696638358542,86.0013182907678,800,"Lycopodium"
"Lyco800",20,37,25,31,33.7495840565336,86.7648689974378,800,"Lycopodium"
"Lyco800",21,29,32,37,36.4363997024548,85.7112158029589,800,"Lycopodium"
"Lyco800",22,63,69,88,79.7778217208034,68.714579717332,800,"Lycopodium"
"Lyco800",23,61,65,76,74.8512992809323,70.6465493015952,800,"Lycopodium"
"Lyco800",24,65,61,72,73.0432630795933,71.3555831060418,800,"Lycopodium"
"Lyco800",25,36,30,31,36.7711201338954,85.5799528886685,800,"Lycopodium"
"Lyco800",26,33,33,24,36.8521472848996,85.5481775353335,800,"Lycopodium"
"Lyco800",27,28,34,26,36.0326655095462,85.8695429374328,800,"Lycopodium"
"Lyco800",28,31,34,38,38.6119086288123,84.8580750475246,800,"Lycopodium"
"Lyco800",29,39,31,40,39.6421200099182,84.4540705843458,800,"Lycopodium"
"Lyco800",30,37,30,48,39.2883678403174,84.5927969253657,800,"Lycopodium"
"Lyco800",31,29,43,41,44.3632240267791,82.6026572444004,800,"Lycopodium"
"Lyco800",32,38,41,33,45.1424398710637,82.2970824035044,800,"Lycopodium"
"Lyco800",33,32,42,41,44.7382103892884,82.4556037689065,800,"Lycopodium"
"Lyco800",34,32,34,47,40.1091563352343,84.2709190842218,800,"Lycopodium"
"Lyco800",35,32,34,46,39.9816563352343,84.3209190842218,800,"Lycopodium"
"Lyco800",36,33,36,33,40.0224175551699,84.3049342920903,800,"Lycopodium"
"Lyco800",37,36,35,46,42.0549039176791,83.5078808165964,800,"Lycopodium"
"Lyco800",38,30,36,41,39.9931744359038,84.3164021819985,800,"Lycopodium"
"Lyco800",39,34,37,50,43.2139220183486,83.0533639143731,800,"Lycopodium"
"L375",1,134,103,33,130.859878222997,48.6824006968641,375,"Lycopodium"
"L375",2,140,104,27,133.046827526132,47.8247735191638,375,"Lycopodium"
"L375",3,135,99,16,125.967134581881,50.6011236933798,375,"Lycopodium"
"L375",4,148,113,32,143.360306968641,43.7802717770035,375,"Lycopodium"
"L375",5,161,130,34,161.005991550523,36.8603954703833,375,"Lycopodium"
"L375",6,147,127,25,152.232472212544,40.3009912891986,375,"Lycopodium"
"L375",7,151,124,46,154.473860017422,39.4220156794425,375,"Lycopodium"
"L375",8,143,118,13,142.474892770035,44.1274930313589,375,"Lycopodium"
"L375",9,139,104,48,135.572602526132,46.8342735191638,375,"Lycopodium"
"L375",10,145,101,21,131.931868902439,48.2620121951219,375,"Lycopodium"
"L375",11,143,108,12,135.034756881533,47.0451933797909,375,"Lycopodium"
"L375",12,129,96,5,119.966558101045,52.9542909407665,375,"Lycopodium"
"L375",13,134,100,37,129.223080313589,49.3242822299652,375,"Lycopodium"
"L375",14,161,117,49,153.590200609756,39.7685487804878,375,"Lycopodium"
"L375",15,133,98,24,125.581942421603,50.7521794425087,375,"Lycopodium"
"L375",16,135,98,24,126.344392421603,50.4531794425087,375,"Lycopodium"
"L375",17,117,85,5,107.359980052265,57.8980470383275,375,"Lycopodium"
"L375",18,134,107,20,131.980989721254,48.2427491289199,375,"Lycopodium"
"L375",19,141,97,21,127.48628597561,50.0053780487805,375,"Lycopodium"
"L375",20,156,123,31,153.573385714286,39.7751428571429,375,"Lycopodium"
"L375",21,143,99,7,127.771077439024,49.8936951219512,375,"Lycopodium"
"L375",22,152,103,5,133.845928222996,47.5114006968641,375,"Lycopodium"
"L375",23,127,90,9,115.376797996516,54.7541968641115,375,"Lycopodium"
"L375",24,140,110,54,141.165423344948,44.6410104529617,375,"Lycopodium"
"L375",25,129,88,15,115.509477961673,54.7021655052265,375,"Lycopodium"
"L375",26,136,99,5,124.825645296167,51.0487665505227,375,"Lycopodium"
"L375",27,159,133,25,161.188196602788,36.7889425087108,375,"Lycopodium"
"L375",28,150,117,19,145.243868466899,43.0416202090592,375,"Lycopodium"
"L375",29,152,106,58,143.373154703833,43.7752334494774,375,"Lycopodium"
"L375",30,151,114,15,142.880866986063,43.968287456446,375,"Lycopodium"
"L375",31,128,81,19,110.570772125435,56.6389128919861,375,"Lycopodium"
"L375",32,141,95,20,125.887515940767,50.6323466898955,375,"Lycopodium"
"L375",33,135,101,14,127.150618902439,50.137012195122,375,"Lycopodium"
"L375",34,147,114,5,139.971681271777,45.1091445993031,375,"Lycopodium"
"L375",35,147,123,21,148.758075,41.6635,375,"Lycopodium"
"L375",36,136,100,17,127.216958885017,50.1109965156795,375,"Lycopodium"
"L375",37,132,98,12,123.53957456446,51.5531080139373,375,"Lycopodium"
"L375",38,142,109,5,134.41470261324,47.2883519163763,375,"Lycopodium"
"L375",39,149,110,26,140.720448344948,44.8155104529617,375,"Lycopodium"
"L375",40,143,100,12,129.193391027875,49.335925087108,375,"Lycopodium"
"L375",41,155,127,35,156.666557926829,38.5621341463415,375,"Lycopodium"
"L375",42,115,89,8,109.93349869338,56.8888240418119,375,"Lycopodium"
"L375",43,135,110,5,132.476298344948,48.0485104529617,375,"Lycopodium"
"L375",44,141,111,33,139.369819076655,45.345168989547,375,"Lycopodium"
"L375",45,156,122,8,149.659357839721,41.3100557491289,375,"Lycopodium"
"L375",46,135,101,14,127.150618902439,50.137012195122,375,"Lycopodium"
"L375",47,140,109,35,137.805109756098,45.9587804878049,375,"Lycopodium"
"L375",48,141,110,34,138.778076916376,45.577224738676,375,"Lycopodium"
"L375",49,147,112,12,139.480339808362,45.3018275261324,375,"Lycopodium"
"L350",1,138,109,45,137.429375754554,46.1061271550769,350,"Lycopodium"
"L350",2,145,117,17,142.149116822896,44.2552483047467,350,"Lycopodium"
"L350",3,149,126,20,150.582106172716,40.9481936577583,350,"Lycopodium"
"L350",4,143,111,31,138.914851904667,45.5235874883659,350,"Lycopodium"
"L350",5,140,108,12,133.068205225369,47.8163901076985,350,"Lycopodium"
"L350",6,129,106,13,127.561846965164,49.9757462881709,350,"Lycopodium"
"L350",7,159,110,39,145.358124953464,42.9968137437398,350,"Lycopodium"
"L350",8,141,112,34,139.275563718256,45.3821318751939,350,"Lycopodium"
"L350",9,157,134,8,157.81665022271,38.1111175597217,350,"Lycopodium"
"L350",10,156,117,60,152.076582648584,40.3621244515357,350,"Lycopodium"
"L350",11,149,117,23,144.474108566015,43.3434868368568,350,"Lycopodium"
"L350",12,157,129,69,162.335336567611,36.3390836989762,350,"Lycopodium"
"L350",13,145,107,31,136.784838136551,46.3588870052741,350,"Lycopodium"
"L350",14,138,111,53,139.942396629438,45.1206287727696,350,"Lycopodium"
"L350",15,151,122,59,153.652688734876,39.7440436333821,350,"Lycopodium"
"L350",16,140,110,24,136.114620595666,46.6217174134645,350,"Lycopodium"
"L350",17,154,128,51,158.068270396224,38.012442981873,350,"Lycopodium"
"L350",18,145,108,5,134.040889858396,47.43494515357,350,"Lycopodium"
"L350",19,151,112,58,146.288180690733,42.6320860036343,350,"Lycopodium"
"L350",20,156,133,66,164.446529464167,35.5111649160129,350,"Lycopodium"
"L350",21,161,114,49,150.346524960112,41.040578447015,350,"Lycopodium"
"L350",22,140,117,52,144.910193657758,43.1724730753889,350,"Lycopodium"
"L350",23,142,108,16,134.364049720782,47.3082157957719,350,"Lycopodium"
"L350",24,149,134,49,160.234143800691,37.163080862474,350,"Lycopodium"
"L350",25,158,123,7,150.110251236538,41.1332348092009,350,"Lycopodium"
"L350",26,153,109,38,142.214310387581,44.2296822009485,350,"Lycopodium"
"L350",27,151,104,22,135.702702695785,46.7832538447901,350,"Lycopodium"
"L350",28,160,126,43,157.84259952134,38.1009413641803,350,"Lycopodium"
"L350",29,161,149,62,177.389115041218,30.4356411603067,350,"Lycopodium"
"L350",30,148,132,38,156.939852054248,38.4549599787262,350,"Lycopodium"
"L350",31,113,77,5,99.4250956554979,61.0097664096087,350,"Lycopodium"
"L350",32,151,113,31,143.410883788725,43.7604377299118,350,"Lycopodium"
"L350",33,154,114,36,145.94441785002,42.7668949607765,350,"Lycopodium"
"L350",34,128,96,5,118.882673554049,53.3793437042946,350,"Lycopodium"
"L350",35,159,120,46,153.522724740726,39.7950099055977,350,"Lycopodium"
"L350",36,171,139,71,175.170343235607,31.3057477507424,350,"Lycopodium"
"L350",37,161,144,64,174.040232578779,31.7489284004787,350,"Lycopodium"
"L350",38,146,116,19,142.073923128573,44.2847360280105,350,"Lycopodium"
"L350",39,143,108,11,134.078531601516,47.4201836856801,350,"Lycopodium"
"L350",40,152,113,42,145.25894365111,43.0357083721136,350,"Lycopodium"
"L350",41,136,88,14,117.347683632496,53.9813005362762,350,"Lycopodium"
"L350",42,134,87,26,117.462301176705,53.9363524797235,350,"Lycopodium"
"L350",43,125,78,22,106.989838203031,58.0432007046935,350,"Lycopodium"
"L350",44,156,129,66,161.554065696051,36.6454644329212,350,"Lycopodium"
"L350",45,126,88,7,112.601993265523,55.8423555821478,350,"Lycopodium"
"L350",46,160,135,36,163.417202632629,35.9148224970084,350,"Lycopodium"
"L325",1,185,153,69,183.233171646417,28.143854256307,325,"Lycopodium"
"L325",2,178,151,50,176.75569179271,30.6840424342313,325,"Lycopodium"
"L325",3,174,153,50,176.633948673444,30.7317848339435,325,"Lycopodium"
"L325",4,148,109,18,132.514527027027,48.0335188129306,325,"Lycopodium"
"L325",5,145,108,11,129.790026965038,49.1019502097889,325,"Lycopodium"
"L325",6,163,138,20,158.294893689561,37.9235711021329,325,"Lycopodium"
"L325",7,153,112,36,138.800189375155,45.5685531862137,325,"Lycopodium"
"L325",8,154,114,45,141.725709769402,44.4212902865089,325,"Lycopodium"
"L325",9,172,140,37,165.257981651376,35.1929483720093,325,"Lycopodium"
"L325",10,163,144,29,163.593177845277,35.8458126096955,325,"Lycopodium"
"L325",11,160,141,17,158.840691172824,37.7095328734023,325,"Lycopodium"
"L325",12,152,131,8,147.805893255641,42.036904605631,325,"Lycopodium"
"L325",13,165,141,46,164.506873605257,35.4875005469582,325,"Lycopodium"
"L325",14,174,146,89,176.934441482767,30.6139445165619,325,"Lycopodium"
"L325",15,171,148,75,175.353205120258,31.234037207742,325,"Lycopodium"
"L325",16,185,159,107,192.328888234565,24.5769065746805,325,"Lycopodium"
"L325",17,167,156,94,181.839205616167,28.6905076015033,325,"Lycopodium"
"L325",18,151,115,41,140.767304425986,44.7971355192213,325,"Lycopodium"
"L325",19,151,116,34,140.537311244731,44.8873289236349,325,"Lycopodium"
"L325",20,155,101,10,128.590181936524,49.5724776719515,325,"Lycopodium"
"L325",21,152,130,71,155.368859409869,39.0710355255417,325,"Lycopodium"
"L325",22,149,125,38,146.493250991817,42.5516662777186,325,"Lycopodium"
"L325",23,160,128,54,154.759521448054,39.3099915889986,325,"Lycopodium"
"L325",24,129,99,17,118.416046677411,53.5623346363093,325,"Lycopodium"
"L325",25,128,102,5,118.530830647161,53.5173213148389,325,"Lycopodium"
"L325",27,153,123,86,152.900399516489,40.0390590131416,325,"Lycopodium"
"L325",28,147,127,59,149.868872737416,41.2278930441505,325,"Lycopodium"
"L325",29,154,135,70,159.418555665758,37.4829193467618,325,"Lycopodium"
"L325",30,170,134,63,163.795305603769,35.7665468220514,325,"Lycopodium"
"L325",31,154,137,30,155.553974708654,38.9984412907241,325,"Lycopodium"
"L325",32,168,134,58,162.393075874039,36.3164408337101,325,"Lycopodium"
"L325",33,153,132,50,154.366001425738,39.4643131663774,325,"Lycopodium"
"L325",34,157,137,21,155.49671119514,39.0208975705333,325,"Lycopodium"
"L325",35,150,123,32,144.708068435408,43.2517378684675,325,"Lycopodium"
"L325",36,166,159,81,181.82304363997,28.6968456313842,325,"Lycopodium"
"L325",37,173,146,71,174.20366445574,31.6848374683372,325,"Lycopodium"
"L325",38,155,139,56,160.705576183982,36.9782054180462,325,"Lycopodium"
"L325",39,169,149,83,176.339901128192,30.8470975967873,325,"Lycopodium"
"L325",40,159,131,56,156.707548661046,38.5460593486093,325,"Lycopodium"
"L325",41,143,99,44,127.184087217952,50.1238873655091,325,"Lycopodium"
"L325",42,166,132,95,165.117318993305,35.2481101987038,325,"Lycopodium"
"L325",43,158,130,42,153.813926977436,39.680812950025,325,"Lycopodium"
"L325",44,174,153,94,182.395570295066,28.472325374484,325,"Lycopodium"
"L325",45,162,153,66,174.244083808579,31.6689867417337,325,"Lycopodium"
"L325",46,164,163,110,187.619489833871,26.4237294769135,325,"Lycopodium"
"L325",47,162,142,70,167.214954748326,34.4255079418328,325,"Lycopodium"
"L325",48,173,156,94,184.081705616167,27.8110958367974,325,"Lycopodium"
"L325",49,172,147,64,173.599921274485,31.9215995002018,325,"Lycopodium"
"L300",1,180,158,119,196.431125376993,22.9681861266695,300,"Lycopodium"
"L300",2,179,167,103,200.320386805256,21.4429855665661,300,"Lycopodium"
"L300",3,185,158,111,197.280159467902,22.635231581215,300,"Lycopodium"
"L300",4,156,139,27,161.646435846618,36.6092408444636,300,"Lycopodium"
"L300",5,178,156,33,182.886132938389,28.2799478672986,300,"Lycopodium"
"L300",6,169,150,66,179.559162440758,29.5846421800948,300,"Lycopodium"
"L300",7,172,160,88,190.703913270142,25.2141516587678,300,"Lycopodium"
"L300",8,180,169,113,203.441790607497,20.2189056441189,300,"Lycopodium"
"L300",9,190,160,107,200.076554179233,21.5386062042223,300,"Lycopodium"
"L300",10,189,171,109,207.763085318828,18.5242802671262,300,"Lycopodium"
"L300",11,180,174,89,203.817555794916,20.0715467470918,300,"Lycopodium"
"L300",12,176,168,95,198.829028479104,22.0278319689789,300,"Lycopodium"
"L300",13,183,174,126,209.850276249461,17.705774019819,300,"Lycopodium"
"L300",14,175,164,79,193.495991329168,24.1192190866006,300,"Lycopodium"
"L300",15,179,164,101,197.927891329168,22.3812190866006,300,"Lycopodium"
"L300",16,175,155,106,190.679004900905,25.223919646704,300,"Lycopodium"
"L300",17,188,170,118,207.861680008617,18.4856156828953,300,"Lycopodium"
"L300",18,188,166,128,206.345413313227,19.0802300732443,300,"Lycopodium"
"L300",19,187,169,133,208.753092880224,18.1360420077553,300,"Lycopodium"
"L300",20,185,161,112,199.540518580353,21.7488162429987,300,"Lycopodium"
"L300",21,176,160,107,194.739404179233,23.6316062042223,300,"Lycopodium"
"L300",22,183,167,116,203.563059532529,20.1713492029298,300,"Lycopodium"
"L300",23,186,177,128,213.386446725549,16.3190404997846,300,"Lycopodium"
"L300",24,180,170,102,202.697698190435,20.5107065919862,300,"Lycopodium"
"L300",25,188,173,123,210.650584575614,17.3919276174063,300,"Lycopodium"
"L300",26,181,164,95,197.89752314735,22.3931281775097,300,"Lycopodium"
"L300",27,183,155,69,188.839759446359,25.9451923739767,300,"Lycopodium"
"L300",28,179,162,86,194.527030708746,23.7148899181387,300,"Lycopodium"
"L300",29,185,173,120,209.110500484705,17.9958821628608,300,"Lycopodium"
"L300",30,189,169,128,208.854861062042,18.0961329168462,300,"Lycopodium"
"L300",31,186,182,125,216.537075549332,15.0834997845756,300,"Lycopodium"
"L300",32,176,163,82,193.564217837139,24.0924635932788,300,"Lycopodium"
"L300",33,173,160,92,191.613683724688,24.857378931495,300,"Lycopodium"
"L300",34,169,161,106,192.648100398535,24.4517253339078,300,"Lycopodium"
"L300",35,182,178,135,213.495908853942,16.2761141749246,300,"Lycopodium"
"L300",36,184,176,121,210.989634597156,17.2589668246445,300,"Lycopodium"
"L300",37,175,175,102,204.338611105127,19.8672113313227,300,"Lycopodium"
"L300",38,178,167,114,201.392661805256,21.0224855665661,300,"Lycopodium"
"L300",39,182,178,112,210.456772490306,17.4679323567428,300,"Lycopodium"
"L300",40,186,166,98,201.618872404136,20.9337755277897,300,"Lycopodium"
"L300",41,182,173,98,205.059825484705,19.5843821628608,300,"Lycopodium"
"L300",42,181,176,105,207.731777778975,18.5365577337355,300,"Lycopodium"
"L300",43,176,170,118,203.286980008617,20.2796156828953,300,"Lycopodium"
"L300",44,192,180,116,216.216383110728,15.2092615252046,300,"Lycopodium"
"L300",45,179,177,119,209.528644452822,17.8319041361482,300,"Lycopodium"
"L300",46,175,162,76,191.680767072383,24.8310717363206,300,"Lycopodium"
"L300",47,172,167,119,199.765993623438,21.6603946574752,300,"Lycopodium"
"L300",48,183,172,85,203.013870174494,20.3867175786299,300,"Lycopodium"
"L300",49,185,163,104,199.902242837139,21.6069635932788,300,"Lycopodium"
"L300",50,176,161,94,193.731039034899,24.027043515726,300,"Lycopodium"
"L300",51,179,166,106,200.007388313227,21.5657300732443,300,"Lycopodium"
"L300",52,187,164,111,202.299054965532,20.6670372684188,300,"Lycopodium"
"L300",53,196,168,142,212.663937570013,16.6023774235243,300,"Lycopodium"
"L300",54,177,166,105,199.112801949591,21.9165482550625,300,"Lycopodium"
"L275",1,184,178,107,210.845657142857,17.3154285714286,275,"Lycopodium"
"L275",2,182,165,127,203.400992857143,20.2349047619048,275,"Lycopodium"
"L275",3,185,177,117,211.806096428571,16.9387857142857,275,"Lycopodium"
"L275",4,186,164,126,204.083907142857,19.9670952380952,275,"Lycopodium"
"L275",5,179,162,93,195.726160714286,23.2446428571429,275,"Lycopodium"
"L275",6,181,155,105,193.049510714286,24.2943095238095,275,"Lycopodium"
"L275",7,177,165,103,198.394067857143,22.1984047619048,275,"Lycopodium"
"L275",8,183,167,92,200.685789285714,21.2996904761905,275,"Lycopodium"
"L275",9,185,176,120,211.480910714286,17.0663095238095,275,"Lycopodium"
"L275",10,183,166,130,204.882603571428,19.653880952381,275,"Lycopodium"
"L275",11,183,173,129,209.742903571429,17.747880952381,275,"Lycopodium"
"L275",12,184,163,126,202.608671428571,20.545619047619,275,"Lycopodium"
"L275",13,175,167,124,201.770389285714,20.8743571428571,275,"Lycopodium"
"L275",14,184,170,122,207.081371428571,18.791619047619,275,"Lycopodium"
"L275",15,174,164,117,198.346407142857,22.2170952380952,275,"Lycopodium"
"L275",16,178,171,132,206.798807142857,18.9024285714286,275,"Lycopodium"
"L275",17,183,168,112,203.982575,20.0068333333333,275,"Lycopodium"
"L275",18,191,162,139,206.244060714286,19.1199761904762,275,"Lycopodium"
"L275",19,178,165,128,202.005292857143,20.7822380952381,275,"Lycopodium"
"L275",20,185,174,110,208.763339285714,18.1320238095238,275,"Lycopodium"
"L275",21,166,173,104,200.032078571429,21.5560476190476,275,"Lycopodium"
"L275",22,177,159,92,192.696153571429,24.4328809523809,275,"Lycopodium"
"L275",23,171,164,91,193.843532142857,23.9829285714286,275,"Lycopodium"
"L275",24,186,162,97,198.911535714286,21.9954761904762,275,"Lycopodium"
"L275",25,178,164,138,202.584507142857,20.5550952380952,275,"Lycopodium"
"L275",26,165,176,85,199.334410714286,21.8296428571429,275,"Lycopodium"
"L275",27,174,171,105,201.785507142857,20.8684285714286,275,"Lycopodium"
"L275",28,177,157,77,189.332582142857,25.7519285714286,275,"Lycopodium"
"L275",29,172,165,92,195.066742857143,23.5032380952381,275,"Lycopodium"
"L275",30,169,163,106,194.306296428571,23.8014523809524,275,"Lycopodium"
"L275",31,181,171,112,205.358482142857,19.4672619047619,275,"Lycopodium"
"L275",32,170,168,121,200.18945,21.4943333333333,275,"Lycopodium"
"L275",33,176,167,121,201.764014285714,20.8768571428572,275,"Lycopodium"
"L275",34,182,168,133,206.31455,19.0923333333333,275,"Lycopodium"
"L275",35,181,170,127,206.583696428571,18.9867857142857,275,"Lycopodium"
"L275",36,175,183,123,213.045760714286,16.4526428571429,275,"Lycopodium"
"L275",37,183,167,120,204.303389285714,19.8810238095238,275,"Lycopodium"
"L275",38,186,167,113,204.542664285714,19.7871904761905,275,"Lycopodium"
"L275",39,180,165,119,201.604942857143,20.9392380952381,275,"Lycopodium"
"L275",40,168,181,130,209.856014285714,17.7035238095238,275,"Lycopodium"
"L275",41,181,177,119,210.539596428571,17.4354523809524,275,"Lycopodium"
"L275",42,184,178,130,213.817257142857,16.1500952380953,275,"Lycopodium"
"L275",43,177,162,120,198.452110714286,22.1756428571429,275,"Lycopodium"
"L275",44,171,163,116,196.360746428571,22.9957857142857,275,"Lycopodium"
"L275",45,168,160,105,191.657514285714,24.8401904761905,275,"Lycopodium"
"L275",46,173,158,108,192.525667857143,24.4997380952381,275,"Lycopodium"
"L275",47,165,164,91,191.556182142857,24.8799285714286,275,"Lycopodium"
"L275",48,183,155,106,193.941160714286,23.9446428571429,275,"Lycopodium"
"L275",49,167,160,95,189.984289285714,25.4963571428571,275,"Lycopodium"
"L275",50,186,173,113,208.819378571429,18.1100476190476,275,"Lycopodium"
"L275",51,177,176,108,206.880710714286,18.8703095238095,275,"Lycopodium"
"L275",52,183,177,114,210.656046428571,17.3897857142857,275,"Lycopodium"
"L275",53,179,168,85,198.969275,21.9728333333333,275,"Lycopodium"
"L275",54,173,160,85,190.979639285714,25.1060238095238,275,"Lycopodium"
"L275",55,187,163,73,196.904746428571,22.7824523809524,275,"Lycopodium"
"L275",56,190,178,140,217.396607142857,14.7464285714286,275,"Lycopodium"
"L275",57,183,178,141,214.857232142857,15.7422619047619,275,"Lycopodium"
"L275",58,176,163,104,196.716471428572,22.8562857142857,275,"Lycopodium"
"L275",59,168,162,91,191.274285714286,24.9904761904762,275,"Lycopodium"
"L275",60,173,167,100,197.907139285714,22.3893571428572,275,"Lycopodium"
"L275",61,167,158,78,186.362317857143,26.9167380952381,275,"Lycopodium"
"L275",62,177,177,111,207.981096428571,18.4387857142857,275,"Lycopodium"
"L275",63,182,177,132,212.600421428571,16.6272857142857,275,"Lycopodium"
"L275",64,182,173,104,206.131678571428,19.1640476190476,275,"Lycopodium"
"L275",65,185,172,106,206.820967857143,18.8937380952381,275,"Lycopodium"
"L275",66,175,175,92,203.338275,20.2595,275,"Lycopodium"
"L275",67,177,161,118,197.480925,22.5565,275,"Lycopodium"
"L275",68,180,172,140,209.307642857143,17.9185714285714,275,"Lycopodium"
"L275",69,186,175,120,211.14935,17.1963333333333,275,"Lycopodium"
"L275",70,183,169,93,202.240560714286,20.6899761904762,275,"Lycopodium"
"L275",71,183,165,96,199.777017857143,21.6560714285714,275,"Lycopodium"
"L275",72,191,165,99,203.214417857143,20.3080714285714,275,"Lycopodium"
"L275",73,184,167,95,201.454614285714,20.9981904761905,275,"Lycopodium"
"L275",74,181,167,85,199.018939285714,21.9533571428571,275,"Lycopodium"
"L275",75,175,166,87,196.277203571428,23.0285476190476,275,"Lycopodium"
"L275",76,180,179,115,211.067142857143,17.2285714285714,275,"Lycopodium"
"L275",77,171,164,95,194.360332142857,23.7802619047619,275,"Lycopodium"
"L275",78,169,173,113,202.338553571428,20.6515476190476,275,"Lycopodium"
"L275",79,182,167,119,203.792964285714,20.0811904761905,275,"Lycopodium"
"L275",80,182,175,120,209.62445,17.7943333333333,275,"Lycopodium"
"L275",81,182,175,121,209.75365,17.7436666666667,275,"Lycopodium"
"L250",1,193,182,142,207.469284597236,18.6394962363779,250,"Lycopodium"
"L250",2,187,185,132,206.073404111898,19.1869003482755,250,"Lycopodium"
"L250",3,197,188,154,214.396091877317,15.9231012245815,250,"Lycopodium"
"L250",4,188,190,137,210.386321873947,17.4955600494327,250,"Lycopodium"
"L250",5,201,202,171,227.27698901247,10.8717690147174,250,"Lycopodium"
"L250",6,192,202,155,222.063076980115,12.9164403999551,250,"Lycopodium"
"L250",7,196,199,169,223.255266868891,12.448914953376,250,"Lycopodium"
"L250",8,195,191,152,215.429853454668,15.5177045275812,250,"Lycopodium"
"L250",9,195,196,132,216.228360701045,15.2045644309628,250,"Lycopodium"
"L250",10,181,176,139,198.842975800472,22.0223624311875,250,"Lycopodium"
"L250",11,187,185,143,207.463708459724,18.6416829569711,250,"Lycopodium"
"L250",12,188,187,116,205.736304482642,19.3190962813167,250,"Lycopodium"
"L250",13,189,176,124,199.784129491068,21.6532825525222,250,"Lycopodium"
"L250",14,174,166,116,186.800913784968,26.7447396921694,250,"Lycopodium"
"L250",15,181,178,130,199.035987394675,21.9466716099315,250,"Lycopodium"
"L250",16,177,184,117,199.965988810246,21.5819651724525,250,"Lycopodium"
"L250",17,181,180,132,200.619303336704,21.3257633973711,250,"Lycopodium"
"L250",18,188,182,126,203.673884192787,20.1278885518481,250,"Lycopodium"
"L250",19,184,180,107,198.523404448938,22.1476845298281,250,"Lycopodium"
"L250",20,184,176,127,198.390163869228,22.1999357375576,250,"Lycopodium"
"L250",21,187,172,135,197.804111358274,22.4297602516571,250,"Lycopodium"
"L250",22,186,179,125,200.842437074486,21.2382599707898,250,"Lycopodium"
"L250",23,196,172,138,201.374936434108,21.0294366925065,250,"Lycopodium"
"L250",24,191,176,157,204.6642983485,19.7394908437254,250,"Lycopodium"
"L250",25,182,180,149,203.122583417593,20.344084934277,250,"Lycopodium"
"L250",26,175,181,134,199.409585170206,21.8001626783508,250,"Lycopodium"
"L250",27,183,184,137,204.621582339063,19.7562422199753,250,"Lycopodium"
"L250",28,187,175,128,198.91517222784,21.9940501067296,250,"Lycopodium"
"L250",29,193,177,151,205.280473003033,19.4978537243006,250,"Lycopodium"
"L250",30,199,172,124,200.669341894169,21.3061404336591,250,"Lycopodium"
"L250",31,185,174,132,198.046214964611,22.334817660937,250,"Lycopodium"
"L250",32,182,179,141,201.446186316144,21.0014955622964,250,"Lycopodium"
"L250",33,186,177,142,201.660555915066,20.9174290529154,250,"Lycopodium"
"L250",34,180,172,116,192.920281226829,24.3449877541849,250,"Lycopodium"
"L250",35,185,184,131,204.57249032693,19.7754939894394,250,"Lycopodium"
"L250",36,174,183,114,197.857664509606,22.4087590158409,250,"Lycopodium"
"L250",37,177,169,125,190.998119245029,25.0987767666555,250,"Lycopodium"
"L250",38,182,168,117,191.094861678463,25.0608385574655,250,"Lycopodium"
"L250",39,175,177,121,195.105431547017,23.4880660599933,250,"Lycopodium"
"L250",40,180,178,131,198.807750792046,22.036176159982,250,"Lycopodium"
"L250",41,186,174,114,196.125799393327,23.0879218065386,250,"Lycopodium"
"L250",42,185,178,152,203.235107718234,20.2999577575553,250,"Lycopodium"
"L250",43,187,187,139,208.288676575666,18.3181660487586,250,"Lycopodium"
"L250",44,188,186,148,209.115559555106,17.9938982136839,250,"Lycopodium"
"L250",45,187,180,154,205.527679474216,19.4009100101112,250,"Lycopodium"
"L225",1,186,181,143,217.866644518272,14.5621001889128,225,"Lycopodium"
"L225",2,188,177,135,214.681327242525,15.8112442186177,225,"Lycopodium"
"L225",3,182,179,141,214.67565448505,15.8134688293922,225,"Lycopodium"
"L225",4,190,174,141,214.101725913621,16.0385388574034,225,"Lycopodium"
"L225",5,190,186,165,225.900177740864,11.4116950035828,225,"Lycopodium"
"L225",6,181,183,143,217.423465946844,14.7358957071201,225,"Lycopodium"
"L225",7,185,193,159,228.20967192691,10.5060110090548,225,"Lycopodium"
"L225",8,190,190,147,226.317553156146,11.2480183701388,225,"Lycopodium"
"L225",9,184,175,135,211.760755813953,16.9565663474692,225,"Lycopodium"
"L225",10,191,186,149,224.110578903654,12.1134984691551,225,"Lycopodium"
"L225",11,191,191,159,229.026600498339,10.1856468633965,225,"Lycopodium"
"L225",12,184,191,135,223.165327242525,12.4841853950883,225,"Lycopodium"
"L225",13,186,189,147,224.10976744186,12.1138166894665,225,"Lycopodium"
"L225",14,192,181,160,222.407702657807,12.7812930753697,225,"Lycopodium"
"L225",15,180,173,93,203.161393687708,20.3288652205068,225,"Lycopodium"
"L225",16,185,183,145,219.188884551495,14.0435746856882,225,"Lycopodium"
"L225",17,185,179,140,215.661695182724,15.4267862028533,225,"Lycopodium"
"L225",18,185,180,146,217.185736710964,14.8291228584457,225,"Lycopodium"
"L225",19,181,174,142,210.873185215947,17.3046332486483,225,"Lycopodium"
"L225",20,180,176,135,210.978541528239,17.2633170477493,225,"Lycopodium"
"L225",21,179,168,109,201.387063953488,21.0246808025536,225,"Lycopodium"
"L225",22,195,179,142,219.669613787375,13.8550534167155,225,"Lycopodium"
"L225",23,193,181,139,219.94205730897,13.7482128200117,225,"Lycopodium"
"L225",24,178,173,106,204.17161461794,19.9327001498274,225,"Lycopodium"
"L225",25,195,185,137,223.270281561462,12.4430268386424,225,"Lycopodium"
"L225",26,173,180,118,208.914876245847,18.0725975506482,225,"Lycopodium"
"L225",27,184,179,131,214.071061461794,16.0505641326298,225,"Lycopodium"
"L225",28,184,180,154,217.893661129568,14.551505439385,225,"Lycopodium"
"L225",29,189,184,144,221.261460963455,13.2307996221745,225,"Lycopodium"
"L225",30,183,188,139,221.19405730897,13.2572324278549,225,"Lycopodium"
"L225",31,193,170,123,209.938065614618,17.6713468177969,225,"Lycopodium"
"L225",32,187,180,137,216.716352990033,15.0131949058693,225,"Lycopodium"
"L225",33,181,186,129,217.668892857143,14.639649859944,225,"Lycopodium"
"L225",34,196,171,127,212.312938538206,16.7400241026643,225,"Lycopodium"
"L225",35,189,184,141,220.855833056478,13.3898693896163,225,"Lycopodium"
"L225",36,196,177,141,218.482583056478,14.3205556641261,225,"Lycopodium"
"L225",37,181,185,135,217.767362956811,14.601034134584,225,"Lycopodium"
"L225",38,191,180,132,217.535306478405,14.6920366751352,225,"Lycopodium"
"L225",39,192,178,156,219.728508305648,13.8319575271969,225,"Lycopodium"
"L225",40,181,177,135,212.065077242525,16.8372246107745,225,"Lycopodium"
"L225",41,182,171,111,204.917089700997,19.6403569800013,225,"Lycopodium"
"L225",42,185,190,155,225.530477574751,11.556675460882,225,"Lycopodium"
"L225",43,187,179,139,216.273985880399,15.1866722037652,225,"Lycopodium"
"L225",44,195,187,155,227.129620431894,10.9295606149437,225,"Lycopodium"
"L225",45,185,180,125,214.346341362126,15.9426112305387,225,"Lycopodium"
"L225",46,190,190,140,225.371088039867,11.6191811608364,225,"Lycopodium"
"L175",1,188,183,159,221.532634859579,13.1244569178123,175,"Lycopodium"
"L175",2,192,186,165,225.960950436497,11.3878625739228,175,"Lycopodium"
"L175",3,185,188,175,226.039138206907,11.3572007031737,175,"Lycopodium"
"L175",4,196,190,185,232.945236425079,8.64892689212598,175,"Lycopodium"
"L175",5,177,179,155,214.007232181716,16.0755952228566,175,"Lycopodium"
"L175",6,188,189,163,226.297548238652,11.2558634358226,175,"Lycopodium"
"L175",7,177,192,172,225.432347533345,11.5951578300607,175,"Lycopodium"
"L175",8,198,193,173,234.236440740124,8.14257225877473,175,"Lycopodium"
"L175",9,185,178,176,219.110661362996,14.0742504458838,175,"Lycopodium"
"L175",10,168,180,163,212.356429187681,16.7229689460075,175,"Lycopodium"
"L175",11,184,185,161,221.691716795525,13.0620718448922,175,"Lycopodium"
"L175",12,180,185,165,220.702948817235,13.4498239932413,175,"Lycopodium"
"L175",13,186,181,162,219.75826459256,13.8202883950744,175,"Lycopodium"
"L175",14,186,191,180,229.197332345562,10.1186931978188,175,"Lycopodium"
"L175",15,188,195,146,228.287597981362,10.4754517720147,175,"Lycopodium"
"L175",16,187,195,152,228.701087804972,10.3132989000111,175,"Lycopodium"
"L175",17,183,191,157,225.020210907299,11.7567800363534,175,"Lycopodium"
"L175",18,189,178,155,217.853111159469,14.5674073884437,175,"Lycopodium"
"L175",19,188,179,141,216.329935031105,15.1647313603509,175,"Lycopodium"
"L175",20,186,184,141,219.101584918461,14.0778098358977,175,"Lycopodium"
"L175",21,188,185,160,223.076893864724,12.5188651510885,175,"Lycopodium"
"L175",22,177,177,164,213.784336812934,16.1630051713986,175,"Lycopodium"
"L175",23,183,179,154,216.151065967333,15.2348760912419,175,"Lycopodium"
"L175",24,185,184,176,223.347029287525,12.4129296911668,175,"Lycopodium"
"L175",25,193,198,195,238.777105552853,6.36191939103794,175,"Lycopodium"
"L175",26,181,199,189,234.138408393282,8.1810163163599,175,"Lycopodium"
"L175",27,183,193,149,225.375242639717,11.6175519059932,175,"Lycopodium"
"L175",28,189,190,176,229.100710644889,10.1565840608279,175,"Lycopodium"
"L175",29,188,192,157,227.622914019098,10.7361121493732,175,"Lycopodium"
"L175",30,187,190,158,225.963599383016,11.3868237713661,175,"Lycopodium"
"L175",31,184,193,152,226.150980088835,11.3133411416332,175,"Lycopodium"
"L175",32,190,197,196,237.065195521108,7.03325665838901,175,"Lycopodium"
"L175",33,191,197,179,235.198205697499,7.76540953039263,175,"Lycopodium"
"L175",34,188,190,165,227.26788228668,10.8753402797334,175,"Lycopodium"
"L175",35,187,188,190,228.77984037787,10.28241553809,175,"Lycopodium"
"L175",36,188,191,167,228.238216334707,10.4948171236442,175,"Lycopodium"
"L175",37,183,191,165,226.07730181639,11.3422345818079,175,"Lycopodium"
"L175",38,189,188,187,229.142088003379,10.1403576457336,175,"Lycopodium"
"L175",39,188,188,198,230.21625964517,9.71911386463906,175,"Lycopodium"
"L175",40,187,192,186,231.075540206344,9.3821410955514,175,"Lycopodium"
"L175",41,184,180,173,219.747046555388,13.8246876253382,175,"Lycopodium"
"L175",42,194,185,182,228.259864013978,10.4863278376556,175,"Lycopodium"
"L175",43,191,195,169,232.464719419626,8.83736493348012,175,"Lycopodium"
"L175",44,188,190,160,226.607200468498,11.1344311888243,175,"Lycopodium"
"L175",45,182,195,168,228.918627832109,10.2279890854476,175,"Lycopodium"
"L175",46,186,196,155,229.424229858427,10.0297137810092,175,"Lycopodium"
"L150",1,198,186,182,217.064336090101,14.8767309450586,150,"Lycopodium"
"L150",2,194,197,202,225.42920933422,11.5963884963843,150,"Lycopodium"
"L150",3,192,202,188,226.221943313108,11.2855124262322,150,"Lycopodium"
"L150",4,205,198,189,228.38722311113,10.4363830936747,150,"Lycopodium"
"L150",5,188,197,182,220.721331975729,13.4426149114787,150,"Lycopodium"
"L150",6,203,200,204,230.899241230987,9.45127794863271,150,"Lycopodium"
"L150",7,197,185,213,219.997784577342,13.7263589892777,150,"Lycopodium"
"L150",8,193,191,194,220.093131389743,13.6889680824537,150,"Lycopodium"
"L150",9,201,203,190,230.373164637187,9.65758249522069,150,"Lycopodium"
"L150",10,200,201,208,230.989707838085,9.41580084780983,150,"Lycopodium"
"L150",11,196,208,198,232.89195993683,8.66981963261574,150,"Lycopodium"
"L150",12,196,195,191,223.427191214363,12.3814936414263,150,"Lycopodium"
"L150",13,198,203,171,226.871725957942,11.0306957027679,150,"Lycopodium"
"L150",14,201,202,207,231.881259350844,9.06617280359073,150,"Lycopodium"
"L150",15,212,208,188,237.371299559471,6.91321585903084,150,"Lycopodium"
"L150",16,191,207,188,229.159323518411,10.1335986202311,150,"Lycopodium"
"L150",17,194,192,188,220.347182902502,13.5893400382346,150,"Lycopodium"
"L150",18,200,209,197,234.862450128834,7.89707838084948,150,"Lycopodium"
"L150",19,202,204,202,232.922216149946,8.65795445100159,150,"Lycopodium"
"L150",20,201,190,200,223.07589591472,12.5192565040313,150,"Lycopodium"
"L150",21,195,209,185,231.534218996758,9.20226706009477,150,"Lycopodium"
"L150",22,190,208,193,230.096582578339,9.76604604771008,150,"Lycopodium"
"L150",23,197,206,192,231.167795590558,9.34596251350678,150,"Lycopodium"
"L150",24,195,210,192,233.086124283102,8.59367675172471,150,"Lycopodium"
"L150",25,203,200,213,232.046741230987,9.00127794863269,150,"Lycopodium"
"L150",26,197,203,201,230.337079731527,9.67173343861691,150,"Lycopodium"
"L150",27,193,203,201,228.898494825866,10.2358843820131,150,"Lycopodium"
"L150",28,186,212,197,231.805618818053,9.09583575762613,150,"Lycopodium"
"L150",29,187,203,176,223.553117467376,12.3321107971075,150,"Lycopodium"
"L150",30,197,203,189,228.807079731527,10.2717334386169,150,"Lycopodium"
"L150",31,194,199,201,226.620519906907,11.1292078796442,150,"Lycopodium"
"L150",32,192,186,172,213.63145873161,16.222957360153,150,"Lycopodium"
"L150",33,193,199,182,223.838373680492,12.2202456154933,150,"Lycopodium"
"L150",34,211,195,210,231.244384610589,9.31592760369045,150,"Lycopodium"
"L150",35,196,204,200,230.509338791455,9.60418086609592,150,"Lycopodium"
"L150",36,198,202,188,228.379820671598,10.4392860111379,150,"Lycopodium"
"L150",37,196,196,181,222.811596500706,12.6229033330563,150,"Lycopodium"
"L150",38,193,190,193,219.3062261034,13.9975583908237,150,"Lycopodium"
"L150",39,195,208,202,233.042313710415,8.61085736846481,150,"Lycopodium"
"L150",40,201,204,212,233.837569923531,8.29899218685064,150,"Lycopodium"
"L150",41,199,202,198,230.014466898013,9.79824827528884,150,"Lycopodium"
"L150",42,207,206,217,237.951757854709,6.68558515501621,150,"Lycopodium"
"L150",43,188,191,189,217.657400257668,14.644156761699,150,"Lycopodium"
"L150",44,189,194,180,218.847762343114,14.1773481007398,150,"Lycopodium"
"L150",45,188,198,182,221.380737262073,13.1840246031086,150,"Lycopodium"
"L not heated",1,189,205,191,239.376170925949,6.12699179374516,0,"Lycopodium"
"L not heated",2,198,194,214,237.961572596278,6.68173623675367,0,"Lycopodium"
"L not heated",3,201,211,213,250.93156282308,1.59546555957612,0,"Lycopodium"
"L not heated",4,193,199,199,237.66797080964,6.79687419229775,0,"Lycopodium"
"L not heated",5,196,209,208,247.022929051434,3.12826311708451,0,"Lycopodium"
"L not heated",6,201,201,187,240.419716738821,5.71775814163868,0,"Lycopodium"
"L not heated",7,197,202,204,241.916103402041,5.13093984233651,0,"Lycopodium"
"L not heated",8,194,204,199,241.564839913414,5.26869023003359,0,"Lycopodium"
"L not heated",9,190,202,193,237.89002891574,6.70979258206254,0,"Lycopodium"
"L not heated",10,187,198,188,233.302397502584,8.50886372447661,0,"Lycopodium"
"L not heated",11,194,204,194,240.901141283277,5.52896420263634,0,"Lycopodium"
"L not heated",12,194,208,208,245.583742730679,3.69264990953736,0,"Lycopodium"
"L not heated",13,207,200,212,245.231523568751,3.83077507107779,0,"Lycopodium"
"L not heated",14,194,201,196,239.048436773067,6.25551499095374,0,"Lycopodium"
"L not heated",15,198,197,205,238.885099024295,6.31956901008013,0,"Lycopodium"
"L not heated",16,205,199,207,243.128638617859,4.65543583613336,0,"Lycopodium"
"L not heated",17,197,187,200,230.794224686611,9.49246090721118,0,"Lycopodium"
"L not heated",18,200,204,194,243.100516283277,4.66646420263634,0,"Lycopodium"
"L not heated",19,186,199,172,231.518060706901,9.20860364435255,0,"Lycopodium"
"L not heated",20,199,195,219,239.697895047169,6.00082547169813,0,"Lycopodium"
"L not heated",21,202,200,212,243.398711068751,4.5495250710778,0,"Lycopodium"
"L not heated",22,200,207,214,247.873494766089,2.79470793486689,0,"Lycopodium"
"L not heated",23,197,210,201,247.166374789997,3.07200988627553,0,"Lycopodium"
"L not heated",24,200,205,195,243.939317330059,4.33752261566296,0,"Lycopodium"
"L not heated",25,199,202,210,243.445666758206,4.53111107521323,0,"Lycopodium"
"L not heated",26,201,205,211,246.429715446497,3.36089590333418,0,"Lycopodium"
"L not heated",27,202,194,224,240.755219856552,5.58618829154819,0,"Lycopodium"
"L not heated",28,195,201,196,239.414999273067,6.11176499095374,0,"Lycopodium"
"L not heated",29,208,201,199,244.57853095115,4.08685060739209,0,"Lycopodium"
"L not heated",30,204,197,211,241.88091238046,5.14474024295684,0,"Lycopodium"
"L not heated",31,203,202,234,248.097670182863,2.70679600672008,0,"Lycopodium"
"L not heated",32,197,208,210,246.948909682734,3.15729032049625,0,"Lycopodium"
"L not heated",33,189,201,206,238.543021533341,6.45371704574826,0,"Lycopodium"
"L not heated",34,200,203,210,244.51829057896,4.1104742827604,0,"Lycopodium"
"L not heated",35,202,202,216,245.34179261437,3.78753230808995,0,"Lycopodium"
"L not heated",36,197,201,207,241.608261259369,5.25166225122771,0,"Lycopodium"
"L not heated",37,191,209,206,244.924637099379,3.95112270612563,0,"Lycopodium"
"L not heated",38,201,194,198,236.937424479839,7.08336294908245,0,"Lycopodium"
"L not heated",39,196,196,193,235.853035991212,7.50861333677953,0,"Lycopodium"
"L not heated",40,196,199,199,238.76765830964,6.36562419229775,0,"Lycopodium"
"L not heated",41,192,197,192,234.960107585939,7.85878133884725,0,"Lycopodium"
"L not heated",42,193,191,187,230.426603531274,9.63662606616696,0,"Lycopodium"
"L not heated",43,204,201,189,241.784883690876,5.18239855259759,0,"Lycopodium"
"L not heated",44,183,207,184,237.659740485267,6.80010177048333,0,"Lycopodium"
"L not heated",45,190,206,200,241.643452280951,5.2378618506074,0,"Lycopodium"
"L not heated",46,193,197,199,236.255848168131,7.35064777720342,0,"Lycopodium"
"L not heated",47,188,191,183,228.062832127164,10.5635952442491,0,"Lycopodium"
"L not heated",48,187,204,206,239.928080495606,5.91055666838977,0,"Lycopodium"
"L not heated",49,198,201,187,239.320029238821,6.14900814163867,0,"Lycopodium"
